entity,x,x_str,property,label
living thing,1,1,ISA:living_thing,1
living thing,1,1,ISA:plant,0
living thing,1,1,ISA:animal,0
living thing,1,1,ISA:tree,0
living thing,1,1,ISA:flower,0
living thing,1,1,ISA:bird,0
living thing,1,1,ISA:fish,0
living thing,1,1,ISA:pretty,0
living thing,1,1,ISA:big,0
living thing,1,1,ISA:living,0
living thing,1,1,ISA:green,0
living thing,1,1,ISA:red,0
living thing,1,1,ISA:yellow,0
living thing,1,1,ISA:tall,0
living thing,1,1,ISA:grow,0
living thing,1,1,ISA:move,0
living thing,1,1,ISA:swim,0
living thing,1,1,ISA:fly,0
living thing,1,1,ISA:sing,0
living thing,1,1,ISA:bark,0
living thing,1,1,ISA:petals,0
living thing,1,1,ISA:wings,0
living thing,1,1,ISA:feathers,0
living thing,1,1,ISA:scales,0
living thing,1,1,ISA:gills,0
living thing,1,1,ISA:roots,0
living thing,1,1,ISA:skin,0
living thing,1,1,ISA:leaves,0
living thing,1,1,IS:living_thing,0
living thing,1,1,IS:plant,0
living thing,1,1,IS:animal,0
living thing,1,1,IS:tree,0
living thing,1,1,IS:flower,0
living thing,1,1,IS:bird,0
living thing,1,1,IS:fish,0
living thing,1,1,IS:pretty,0
living thing,1,1,IS:big,0
living thing,1,1,IS:living,1
living thing,1,1,IS:green,0
living thing,1,1,IS:red,0
living thing,1,1,IS:yellow,0
living thing,1,1,IS:tall,0
living thing,1,1,IS:grow,0
living thing,1,1,IS:move,0
living thing,1,1,IS:swim,0
living thing,1,1,IS:fly,0
living thing,1,1,IS:sing,0
living thing,1,1,IS:bark,0
living thing,1,1,IS:petals,0
living thing,1,1,IS:wings,0
living thing,1,1,IS:feathers,0
living thing,1,1,IS:scales,0
living thing,1,1,IS:gills,0
living thing,1,1,IS:roots,0
living thing,1,1,IS:skin,0
living thing,1,1,IS:leaves,0
living thing,1,1,CAN:living_thing,0
living thing,1,1,CAN:plant,0
living thing,1,1,CAN:animal,0
living thing,1,1,CAN:tree,0
living thing,1,1,CAN:flower,0
living thing,1,1,CAN:bird,0
living thing,1,1,CAN:fish,0
living thing,1,1,CAN:pretty,0
living thing,1,1,CAN:big,0
living thing,1,1,CAN:living,0
living thing,1,1,CAN:green,0
living thing,1,1,CAN:red,0
living thing,1,1,CAN:yellow,0
living thing,1,1,CAN:tall,0
living thing,1,1,CAN:grow,1
living thing,1,1,CAN:move,0
living thing,1,1,CAN:swim,0
living thing,1,1,CAN:fly,0
living thing,1,1,CAN:sing,0
living thing,1,1,CAN:bark,0
living thing,1,1,CAN:petals,0
living thing,1,1,CAN:wings,0
living thing,1,1,CAN:feathers,0
living thing,1,1,CAN:scales,0
living thing,1,1,CAN:gills,0
living thing,1,1,CAN:roots,0
living thing,1,1,CAN:skin,0
living thing,1,1,CAN:leaves,0
living thing,1,1,HAS:living_thing,0
living thing,1,1,HAS:plant,0
living thing,1,1,HAS:animal,0
living thing,1,1,HAS:tree,0
living thing,1,1,HAS:flower,0
living thing,1,1,HAS:bird,0
living thing,1,1,HAS:fish,0
living thing,1,1,HAS:pretty,0
living thing,1,1,HAS:big,0
living thing,1,1,HAS:living,0
living thing,1,1,HAS:green,0
living thing,1,1,HAS:red,0
living thing,1,1,HAS:yellow,0
living thing,1,1,HAS:tall,0
living thing,1,1,HAS:grow,0
living thing,1,1,HAS:move,0
living thing,1,1,HAS:swim,0
living thing,1,1,HAS:fly,0
living thing,1,1,HAS:sing,0
living thing,1,1,HAS:bark,0
living thing,1,1,HAS:petals,0
living thing,1,1,HAS:wings,0
living thing,1,1,HAS:feathers,0
living thing,1,1,HAS:scales,0
living thing,1,1,HAS:gills,0
living thing,1,1,HAS:roots,0
living thing,1,1,HAS:skin,0
living thing,1,1,HAS:leaves,0
plant,4,100,ISA:living_thing,1
plant,4,100,ISA:plant,1
plant,4,100,ISA:animal,0
plant,4,100,ISA:tree,0
plant,4,100,ISA:flower,0
plant,4,100,ISA:bird,0
plant,4,100,ISA:fish,0
plant,4,100,ISA:pretty,0
plant,4,100,ISA:big,0
plant,4,100,ISA:living,0
plant,4,100,ISA:green,0
plant,4,100,ISA:red,0
plant,4,100,ISA:yellow,0
plant,4,100,ISA:tall,0
plant,4,100,ISA:grow,0
plant,4,100,ISA:move,0
plant,4,100,ISA:swim,0
plant,4,100,ISA:fly,0
plant,4,100,ISA:sing,0
plant,4,100,ISA:bark,0
plant,4,100,ISA:petals,0
plant,4,100,ISA:wings,0
plant,4,100,ISA:feathers,0
plant,4,100,ISA:scales,0
plant,4,100,ISA:gills,0
plant,4,100,ISA:roots,0
plant,4,100,ISA:skin,0
plant,4,100,ISA:leaves,0
plant,4,100,IS:living_thing,0
plant,4,100,IS:plant,0
plant,4,100,IS:animal,0
plant,4,100,IS:tree,0
plant,4,100,IS:flower,0
plant,4,100,IS:bird,0
plant,4,100,IS:fish,0
plant,4,100,IS:pretty,0
plant,4,100,IS:big,0
plant,4,100,IS:living,1
plant,4,100,IS:green,0
plant,4,100,IS:red,0
plant,4,100,IS:yellow,0
plant,4,100,IS:tall,0
plant,4,100,IS:grow,0
plant,4,100,IS:move,0
plant,4,100,IS:swim,0
plant,4,100,IS:fly,0
plant,4,100,IS:sing,0
plant,4,100,IS:bark,0
plant,4,100,IS:petals,0
plant,4,100,IS:wings,0
plant,4,100,IS:feathers,0
plant,4,100,IS:scales,0
plant,4,100,IS:gills,0
plant,4,100,IS:roots,0
plant,4,100,IS:skin,0
plant,4,100,IS:leaves,0
plant,4,100,CAN:living_thing,0
plant,4,100,CAN:plant,0
plant,4,100,CAN:animal,0
plant,4,100,CAN:tree,0
plant,4,100,CAN:flower,0
plant,4,100,CAN:bird,0
plant,4,100,CAN:fish,0
plant,4,100,CAN:pretty,0
plant,4,100,CAN:big,0
plant,4,100,CAN:living,0
plant,4,100,CAN:green,0
plant,4,100,CAN:red,0
plant,4,100,CAN:yellow,0
plant,4,100,CAN:tall,0
plant,4,100,CAN:grow,1
plant,4,100,CAN:move,0
plant,4,100,CAN:swim,0
plant,4,100,CAN:fly,0
plant,4,100,CAN:sing,0
plant,4,100,CAN:bark,0
plant,4,100,CAN:petals,0
plant,4,100,CAN:wings,0
plant,4,100,CAN:feathers,0
plant,4,100,CAN:scales,0
plant,4,100,CAN:gills,0
plant,4,100,CAN:roots,0
plant,4,100,CAN:skin,0
plant,4,100,CAN:leaves,0
plant,4,100,HAS:living_thing,0
plant,4,100,HAS:plant,0
plant,4,100,HAS:animal,0
plant,4,100,HAS:tree,0
plant,4,100,HAS:flower,0
plant,4,100,HAS:bird,0
plant,4,100,HAS:fish,0
plant,4,100,HAS:pretty,0
plant,4,100,HAS:big,0
plant,4,100,HAS:living,0
plant,4,100,HAS:green,0
plant,4,100,HAS:red,0
plant,4,100,HAS:yellow,0
plant,4,100,HAS:tall,0
plant,4,100,HAS:grow,0
plant,4,100,HAS:move,0
plant,4,100,HAS:swim,0
plant,4,100,HAS:fly,0
plant,4,100,HAS:sing,0
plant,4,100,HAS:bark,0
plant,4,100,HAS:petals,0
plant,4,100,HAS:wings,0
plant,4,100,HAS:feathers,0
plant,4,100,HAS:scales,0
plant,4,100,HAS:gills,0
plant,4,100,HAS:roots,1
plant,4,100,HAS:skin,0
plant,4,100,HAS:leaves,0
animal,6,110,ISA:living_thing,1
animal,6,110,ISA:plant,0
animal,6,110,ISA:animal,1
animal,6,110,ISA:tree,0
animal,6,110,ISA:flower,0
animal,6,110,ISA:bird,0
animal,6,110,ISA:fish,0
animal,6,110,ISA:pretty,0
animal,6,110,ISA:big,0
animal,6,110,ISA:living,0
animal,6,110,ISA:green,0
animal,6,110,ISA:red,0
animal,6,110,ISA:yellow,0
animal,6,110,ISA:tall,0
animal,6,110,ISA:grow,0
animal,6,110,ISA:move,0
animal,6,110,ISA:swim,0
animal,6,110,ISA:fly,0
animal,6,110,ISA:sing,0
animal,6,110,ISA:bark,0
animal,6,110,ISA:petals,0
animal,6,110,ISA:wings,0
animal,6,110,ISA:feathers,0
animal,6,110,ISA:scales,0
animal,6,110,ISA:gills,0
animal,6,110,ISA:roots,0
animal,6,110,ISA:skin,0
animal,6,110,ISA:leaves,0
animal,6,110,IS:living_thing,0
animal,6,110,IS:plant,0
animal,6,110,IS:animal,0
animal,6,110,IS:tree,0
animal,6,110,IS:flower,0
animal,6,110,IS:bird,0
animal,6,110,IS:fish,0
animal,6,110,IS:pretty,0
animal,6,110,IS:big,0
animal,6,110,IS:living,1
animal,6,110,IS:green,0
animal,6,110,IS:red,0
animal,6,110,IS:yellow,0
animal,6,110,IS:tall,0
animal,6,110,IS:grow,0
animal,6,110,IS:move,0
animal,6,110,IS:swim,0
animal,6,110,IS:fly,0
animal,6,110,IS:sing,0
animal,6,110,IS:bark,0
animal,6,110,IS:petals,0
animal,6,110,IS:wings,0
animal,6,110,IS:feathers,0
animal,6,110,IS:scales,0
animal,6,110,IS:gills,0
animal,6,110,IS:roots,0
animal,6,110,IS:skin,0
animal,6,110,IS:leaves,0
animal,6,110,CAN:living_thing,0
animal,6,110,CAN:plant,0
animal,6,110,CAN:animal,0
animal,6,110,CAN:tree,0
animal,6,110,CAN:flower,0
animal,6,110,CAN:bird,0
animal,6,110,CAN:fish,0
animal,6,110,CAN:pretty,0
animal,6,110,CAN:big,0
animal,6,110,CAN:living,0
animal,6,110,CAN:green,0
animal,6,110,CAN:red,0
animal,6,110,CAN:yellow,0
animal,6,110,CAN:tall,0
animal,6,110,CAN:grow,1
animal,6,110,CAN:move,1
animal,6,110,CAN:swim,0
animal,6,110,CAN:fly,0
animal,6,110,CAN:sing,0
animal,6,110,CAN:bark,0
animal,6,110,CAN:petals,0
animal,6,110,CAN:wings,0
animal,6,110,CAN:feathers,0
animal,6,110,CAN:scales,0
animal,6,110,CAN:gills,0
animal,6,110,CAN:roots,0
animal,6,110,CAN:skin,0
animal,6,110,CAN:leaves,0
animal,6,110,HAS:living_thing,0
animal,6,110,HAS:plant,0
animal,6,110,HAS:animal,0
animal,6,110,HAS:tree,0
animal,6,110,HAS:flower,0
animal,6,110,HAS:bird,0
animal,6,110,HAS:fish,0
animal,6,110,HAS:pretty,0
animal,6,110,HAS:big,0
animal,6,110,HAS:living,0
animal,6,110,HAS:green,0
animal,6,110,HAS:red,0
animal,6,110,HAS:yellow,0
animal,6,110,HAS:tall,0
animal,6,110,HAS:grow,0
animal,6,110,HAS:move,0
animal,6,110,HAS:swim,0
animal,6,110,HAS:fly,0
animal,6,110,HAS:sing,0
animal,6,110,HAS:bark,0
animal,6,110,HAS:petals,0
animal,6,110,HAS:wings,0
animal,6,110,HAS:feathers,0
animal,6,110,HAS:scales,0
animal,6,110,HAS:gills,0
animal,6,110,HAS:roots,0
animal,6,110,HAS:skin,1
animal,6,110,HAS:leaves,0
tree,16,10000,ISA:living_thing,1
tree,16,10000,ISA:plant,1
tree,16,10000,ISA:animal,0
tree,16,10000,ISA:tree,1
tree,16,10000,ISA:flower,0
tree,16,10000,ISA:bird,0
tree,16,10000,ISA:fish,0
tree,16,10000,ISA:pretty,0
tree,16,10000,ISA:big,0
tree,16,10000,ISA:living,0
tree,16,10000,ISA:green,0
tree,16,10000,ISA:red,0
tree,16,10000,ISA:yellow,0
tree,16,10000,ISA:tall,0
tree,16,10000,ISA:grow,0
tree,16,10000,ISA:move,0
tree,16,10000,ISA:swim,0
tree,16,10000,ISA:fly,0
tree,16,10000,ISA:sing,0
tree,16,10000,ISA:bark,0
tree,16,10000,ISA:petals,0
tree,16,10000,ISA:wings,0
tree,16,10000,ISA:feathers,0
tree,16,10000,ISA:scales,0
tree,16,10000,ISA:gills,0
tree,16,10000,ISA:roots,0
tree,16,10000,ISA:skin,0
tree,16,10000,ISA:leaves,0
tree,16,10000,IS:living_thing,0
tree,16,10000,IS:plant,0
tree,16,10000,IS:animal,0
tree,16,10000,IS:tree,0
tree,16,10000,IS:flower,0
tree,16,10000,IS:bird,0
tree,16,10000,IS:fish,0
tree,16,10000,IS:pretty,0
tree,16,10000,IS:big,1
tree,16,10000,IS:living,1
tree,16,10000,IS:green,0
tree,16,10000,IS:red,0
tree,16,10000,IS:yellow,0
tree,16,10000,IS:tall,0
tree,16,10000,IS:grow,0
tree,16,10000,IS:move,0
tree,16,10000,IS:swim,0
tree,16,10000,IS:fly,0
tree,16,10000,IS:sing,0
tree,16,10000,IS:bark,0
tree,16,10000,IS:petals,0
tree,16,10000,IS:wings,0
tree,16,10000,IS:feathers,0
tree,16,10000,IS:scales,0
tree,16,10000,IS:gills,0
tree,16,10000,IS:roots,0
tree,16,10000,IS:skin,0
tree,16,10000,IS:leaves,0
tree,16,10000,CAN:living_thing,0
tree,16,10000,CAN:plant,0
tree,16,10000,CAN:animal,0
tree,16,10000,CAN:tree,0
tree,16,10000,CAN:flower,0
tree,16,10000,CAN:bird,0
tree,16,10000,CAN:fish,0
tree,16,10000,CAN:pretty,0
tree,16,10000,CAN:big,0
tree,16,10000,CAN:living,0
tree,16,10000,CAN:green,0
tree,16,10000,CAN:red,0
tree,16,10000,CAN:yellow,0
tree,16,10000,CAN:tall,0
tree,16,10000,CAN:grow,1
tree,16,10000,CAN:move,0
tree,16,10000,CAN:swim,0
tree,16,10000,CAN:fly,0
tree,16,10000,CAN:sing,0
tree,16,10000,CAN:bark,0
tree,16,10000,CAN:petals,0
tree,16,10000,CAN:wings,0
tree,16,10000,CAN:feathers,0
tree,16,10000,CAN:scales,0
tree,16,10000,CAN:gills,0
tree,16,10000,CAN:roots,0
tree,16,10000,CAN:skin,0
tree,16,10000,CAN:leaves,0
tree,16,10000,HAS:living_thing,0
tree,16,10000,HAS:plant,0
tree,16,10000,HAS:animal,0
tree,16,10000,HAS:tree,0
tree,16,10000,HAS:flower,0
tree,16,10000,HAS:bird,0
tree,16,10000,HAS:fish,0
tree,16,10000,HAS:pretty,0
tree,16,10000,HAS:big,0
tree,16,10000,HAS:living,0
tree,16,10000,HAS:green,0
tree,16,10000,HAS:red,0
tree,16,10000,HAS:yellow,0
tree,16,10000,HAS:tall,0
tree,16,10000,HAS:grow,0
tree,16,10000,HAS:move,0
tree,16,10000,HAS:swim,0
tree,16,10000,HAS:fly,0
tree,16,10000,HAS:sing,0
tree,16,10000,HAS:bark,1
tree,16,10000,HAS:petals,0
tree,16,10000,HAS:wings,0
tree,16,10000,HAS:feathers,0
tree,16,10000,HAS:scales,0
tree,16,10000,HAS:gills,0
tree,16,10000,HAS:roots,1
tree,16,10000,HAS:skin,0
tree,16,10000,HAS:leaves,0
flower,24,11000,ISA:living_thing,1
flower,24,11000,ISA:plant,1
flower,24,11000,ISA:animal,0
flower,24,11000,ISA:tree,0
flower,24,11000,ISA:flower,1
flower,24,11000,ISA:bird,0
flower,24,11000,ISA:fish,0
flower,24,11000,ISA:pretty,0
flower,24,11000,ISA:big,0
flower,24,11000,ISA:living,0
flower,24,11000,ISA:green,0
flower,24,11000,ISA:red,0
flower,24,11000,ISA:yellow,0
flower,24,11000,ISA:tall,0
flower,24,11000,ISA:grow,0
flower,24,11000,ISA:move,0
flower,24,11000,ISA:swim,0
flower,24,11000,ISA:fly,0
flower,24,11000,ISA:sing,0
flower,24,11000,ISA:bark,0
flower,24,11000,ISA:petals,0
flower,24,11000,ISA:wings,0
flower,24,11000,ISA:feathers,0
flower,24,11000,ISA:scales,0
flower,24,11000,ISA:gills,0
flower,24,11000,ISA:roots,0
flower,24,11000,ISA:skin,0
flower,24,11000,ISA:leaves,0
flower,24,11000,IS:living_thing,0
flower,24,11000,IS:plant,0
flower,24,11000,IS:animal,0
flower,24,11000,IS:tree,0
flower,24,11000,IS:flower,0
flower,24,11000,IS:bird,0
flower,24,11000,IS:fish,0
flower,24,11000,IS:pretty,1
flower,24,11000,IS:big,0
flower,24,11000,IS:living,1
flower,24,11000,IS:green,0
flower,24,11000,IS:red,0
flower,24,11000,IS:yellow,0
flower,24,11000,IS:tall,0
flower,24,11000,IS:grow,0
flower,24,11000,IS:move,0
flower,24,11000,IS:swim,0
flower,24,11000,IS:fly,0
flower,24,11000,IS:sing,0
flower,24,11000,IS:bark,0
flower,24,11000,IS:petals,0
flower,24,11000,IS:wings,0
flower,24,11000,IS:feathers,0
flower,24,11000,IS:scales,0
flower,24,11000,IS:gills,0
flower,24,11000,IS:roots,0
flower,24,11000,IS:skin,0
flower,24,11000,IS:leaves,0
flower,24,11000,CAN:living_thing,0
flower,24,11000,CAN:plant,0
flower,24,11000,CAN:animal,0
flower,24,11000,CAN:tree,0
flower,24,11000,CAN:flower,0
flower,24,11000,CAN:bird,0
flower,24,11000,CAN:fish,0
flower,24,11000,CAN:pretty,0
flower,24,11000,CAN:big,0
flower,24,11000,CAN:living,0
flower,24,11000,CAN:green,0
flower,24,11000,CAN:red,0
flower,24,11000,CAN:yellow,0
flower,24,11000,CAN:tall,0
flower,24,11000,CAN:grow,1
flower,24,11000,CAN:move,0
flower,24,11000,CAN:swim,0
flower,24,11000,CAN:fly,0
flower,24,11000,CAN:sing,0
flower,24,11000,CAN:bark,0
flower,24,11000,CAN:petals,0
flower,24,11000,CAN:wings,0
flower,24,11000,CAN:feathers,0
flower,24,11000,CAN:scales,0
flower,24,11000,CAN:gills,0
flower,24,11000,CAN:roots,0
flower,24,11000,CAN:skin,0
flower,24,11000,CAN:leaves,0
flower,24,11000,HAS:living_thing,0
flower,24,11000,HAS:plant,0
flower,24,11000,HAS:animal,0
flower,24,11000,HAS:tree,0
flower,24,11000,HAS:flower,0
flower,24,11000,HAS:bird,0
flower,24,11000,HAS:fish,0
flower,24,11000,HAS:pretty,0
flower,24,11000,HAS:big,0
flower,24,11000,HAS:living,0
flower,24,11000,HAS:green,0
flower,24,11000,HAS:red,0
flower,24,11000,HAS:yellow,0
flower,24,11000,HAS:tall,0
flower,24,11000,HAS:grow,0
flower,24,11000,HAS:move,0
flower,24,11000,HAS:swim,0
flower,24,11000,HAS:fly,0
flower,24,11000,HAS:sing,0
flower,24,11000,HAS:bark,0
flower,24,11000,HAS:petals,1
flower,24,11000,HAS:wings,0
flower,24,11000,HAS:feathers,0
flower,24,11000,HAS:scales,0
flower,24,11000,HAS:gills,0
flower,24,11000,HAS:roots,1
flower,24,11000,HAS:skin,0
flower,24,11000,HAS:leaves,1
bird,18,10010,ISA:living_thing,1
bird,18,10010,ISA:plant,0
bird,18,10010,ISA:animal,1
bird,18,10010,ISA:tree,0
bird,18,10010,ISA:flower,0
bird,18,10010,ISA:bird,1
bird,18,10010,ISA:fish,0
bird,18,10010,ISA:pretty,0
bird,18,10010,ISA:big,0
bird,18,10010,ISA:living,0
bird,18,10010,ISA:green,0
bird,18,10010,ISA:red,0
bird,18,10010,ISA:yellow,0
bird,18,10010,ISA:tall,0
bird,18,10010,ISA:grow,0
bird,18,10010,ISA:move,0
bird,18,10010,ISA:swim,0
bird,18,10010,ISA:fly,0
bird,18,10010,ISA:sing,0
bird,18,10010,ISA:bark,0
bird,18,10010,ISA:petals,0
bird,18,10010,ISA:wings,0
bird,18,10010,ISA:feathers,0
bird,18,10010,ISA:scales,0
bird,18,10010,ISA:gills,0
bird,18,10010,ISA:roots,0
bird,18,10010,ISA:skin,0
bird,18,10010,ISA:leaves,0
bird,18,10010,IS:living_thing,0
bird,18,10010,IS:plant,0
bird,18,10010,IS:animal,0
bird,18,10010,IS:tree,0
bird,18,10010,IS:flower,0
bird,18,10010,IS:bird,0
bird,18,10010,IS:fish,0
bird,18,10010,IS:pretty,0
bird,18,10010,IS:big,0
bird,18,10010,IS:living,1
bird,18,10010,IS:green,0
bird,18,10010,IS:red,0
bird,18,10010,IS:yellow,0
bird,18,10010,IS:tall,0
bird,18,10010,IS:grow,0
bird,18,10010,IS:move,0
bird,18,10010,IS:swim,0
bird,18,10010,IS:fly,0
bird,18,10010,IS:sing,0
bird,18,10010,IS:bark,0
bird,18,10010,IS:petals,0
bird,18,10010,IS:wings,0
bird,18,10010,IS:feathers,0
bird,18,10010,IS:scales,0
bird,18,10010,IS:gills,0
bird,18,10010,IS:roots,0
bird,18,10010,IS:skin,0
bird,18,10010,IS:leaves,0
bird,18,10010,CAN:living_thing,0
bird,18,10010,CAN:plant,0
bird,18,10010,CAN:animal,0
bird,18,10010,CAN:tree,0
bird,18,10010,CAN:flower,0
bird,18,10010,CAN:bird,0
bird,18,10010,CAN:fish,0
bird,18,10010,CAN:pretty,0
bird,18,10010,CAN:big,0
bird,18,10010,CAN:living,0
bird,18,10010,CAN:green,0
bird,18,10010,CAN:red,0
bird,18,10010,CAN:yellow,0
bird,18,10010,CAN:tall,0
bird,18,10010,CAN:grow,1
bird,18,10010,CAN:move,1
bird,18,10010,CAN:swim,0
bird,18,10010,CAN:fly,1
bird,18,10010,CAN:sing,0
bird,18,10010,CAN:bark,0
bird,18,10010,CAN:petals,0
bird,18,10010,CAN:wings,0
bird,18,10010,CAN:feathers,0
bird,18,10010,CAN:scales,0
bird,18,10010,CAN:gills,0
bird,18,10010,CAN:roots,0
bird,18,10010,CAN:skin,0
bird,18,10010,CAN:leaves,0
bird,18,10010,HAS:living_thing,0
bird,18,10010,HAS:plant,0
bird,18,10010,HAS:animal,0
bird,18,10010,HAS:tree,0
bird,18,10010,HAS:flower,0
bird,18,10010,HAS:bird,0
bird,18,10010,HAS:fish,0
bird,18,10010,HAS:pretty,0
bird,18,10010,HAS:big,0
bird,18,10010,HAS:living,0
bird,18,10010,HAS:green,0
bird,18,10010,HAS:red,0
bird,18,10010,HAS:yellow,0
bird,18,10010,HAS:tall,0
bird,18,10010,HAS:grow,0
bird,18,10010,HAS:move,0
bird,18,10010,HAS:swim,0
bird,18,10010,HAS:fly,0
bird,18,10010,HAS:sing,0
bird,18,10010,HAS:bark,0
bird,18,10010,HAS:petals,0
bird,18,10010,HAS:wings,1
bird,18,10010,HAS:feathers,1
bird,18,10010,HAS:scales,0
bird,18,10010,HAS:gills,0
bird,18,10010,HAS:roots,0
bird,18,10010,HAS:skin,1
bird,18,10010,HAS:leaves,0
fish,26,11010,ISA:living_thing,1
fish,26,11010,ISA:plant,0
fish,26,11010,ISA:animal,1
fish,26,11010,ISA:tree,0
fish,26,11010,ISA:flower,0
fish,26,11010,ISA:bird,0
fish,26,11010,ISA:fish,1
fish,26,11010,ISA:pretty,0
fish,26,11010,ISA:big,0
fish,26,11010,ISA:living,0
fish,26,11010,ISA:green,0
fish,26,11010,ISA:red,0
fish,26,11010,ISA:yellow,0
fish,26,11010,ISA:tall,0
fish,26,11010,ISA:grow,0
fish,26,11010,ISA:move,0
fish,26,11010,ISA:swim,0
fish,26,11010,ISA:fly,0
fish,26,11010,ISA:sing,0
fish,26,11010,ISA:bark,0
fish,26,11010,ISA:petals,0
fish,26,11010,ISA:wings,0
fish,26,11010,ISA:feathers,0
fish,26,11010,ISA:scales,0
fish,26,11010,ISA:gills,0
fish,26,11010,ISA:roots,0
fish,26,11010,ISA:skin,0
fish,26,11010,ISA:leaves,0
fish,26,11010,IS:living_thing,0
fish,26,11010,IS:plant,0
fish,26,11010,IS:animal,0
fish,26,11010,IS:tree,0
fish,26,11010,IS:flower,0
fish,26,11010,IS:bird,0
fish,26,11010,IS:fish,0
fish,26,11010,IS:pretty,0
fish,26,11010,IS:big,0
fish,26,11010,IS:living,1
fish,26,11010,IS:green,0
fish,26,11010,IS:red,0
fish,26,11010,IS:yellow,0
fish,26,11010,IS:tall,0
fish,26,11010,IS:grow,0
fish,26,11010,IS:move,0
fish,26,11010,IS:swim,0
fish,26,11010,IS:fly,0
fish,26,11010,IS:sing,0
fish,26,11010,IS:bark,0
fish,26,11010,IS:petals,0
fish,26,11010,IS:wings,0
fish,26,11010,IS:feathers,0
fish,26,11010,IS:scales,0
fish,26,11010,IS:gills,0
fish,26,11010,IS:roots,0
fish,26,11010,IS:skin,0
fish,26,11010,IS:leaves,0
fish,26,11010,CAN:living_thing,0
fish,26,11010,CAN:plant,0
fish,26,11010,CAN:animal,0
fish,26,11010,CAN:tree,0
fish,26,11010,CAN:flower,0
fish,26,11010,CAN:bird,0
fish,26,11010,CAN:fish,0
fish,26,11010,CAN:pretty,0
fish,26,11010,CAN:big,0
fish,26,11010,CAN:living,0
fish,26,11010,CAN:green,0
fish,26,11010,CAN:red,0
fish,26,11010,CAN:yellow,0
fish,26,11010,CAN:tall,0
fish,26,11010,CAN:grow,1
fish,26,11010,CAN:move,1
fish,26,11010,CAN:swim,1
fish,26,11010,CAN:fly,0
fish,26,11010,CAN:sing,0
fish,26,11010,CAN:bark,0
fish,26,11010,CAN:petals,0
fish,26,11010,CAN:wings,0
fish,26,11010,CAN:feathers,0
fish,26,11010,CAN:scales,0
fish,26,11010,CAN:gills,0
fish,26,11010,CAN:roots,0
fish,26,11010,CAN:skin,0
fish,26,11010,CAN:leaves,0
fish,26,11010,HAS:living_thing,0
fish,26,11010,HAS:plant,0
fish,26,11010,HAS:animal,0
fish,26,11010,HAS:tree,0
fish,26,11010,HAS:flower,0
fish,26,11010,HAS:bird,0
fish,26,11010,HAS:fish,0
fish,26,11010,HAS:pretty,0
fish,26,11010,HAS:big,0
fish,26,11010,HAS:living,0
fish,26,11010,HAS:green,0
fish,26,11010,HAS:red,0
fish,26,11010,HAS:yellow,0
fish,26,11010,HAS:tall,0
fish,26,11010,HAS:grow,0
fish,26,11010,HAS:move,0
fish,26,11010,HAS:swim,0
fish,26,11010,HAS:fly,0
fish,26,11010,HAS:sing,0
fish,26,11010,HAS:bark,0
fish,26,11010,HAS:petals,0
fish,26,11010,HAS:wings,0
fish,26,11010,HAS:feathers,0
fish,26,11010,HAS:scales,1
fish,26,11010,HAS:gills,1
fish,26,11010,HAS:roots,0
fish,26,11010,HAS:skin,1
fish,26,11010,HAS:leaves,0
pine,64,1000000,ISA:living_thing,1
pine,64,1000000,ISA:plant,1
pine,64,1000000,ISA:animal,0
pine,64,1000000,ISA:tree,1
pine,64,1000000,ISA:flower,0
pine,64,1000000,ISA:bird,0
pine,64,1000000,ISA:fish,0
pine,64,1000000,ISA:pretty,0
pine,64,1000000,ISA:big,0
pine,64,1000000,ISA:living,0
pine,64,1000000,ISA:green,0
pine,64,1000000,ISA:red,0
pine,64,1000000,ISA:yellow,0
pine,64,1000000,ISA:tall,0
pine,64,1000000,ISA:grow,0
pine,64,1000000,ISA:move,0
pine,64,1000000,ISA:swim,0
pine,64,1000000,ISA:fly,0
pine,64,1000000,ISA:sing,0
pine,64,1000000,ISA:bark,0
pine,64,1000000,ISA:petals,0
pine,64,1000000,ISA:wings,0
pine,64,1000000,ISA:feathers,0
pine,64,1000000,ISA:scales,0
pine,64,1000000,ISA:gills,0
pine,64,1000000,ISA:roots,0
pine,64,1000000,ISA:skin,0
pine,64,1000000,ISA:leaves,0
pine,64,1000000,IS:living_thing,0
pine,64,1000000,IS:plant,0
pine,64,1000000,IS:animal,0
pine,64,1000000,IS:tree,0
pine,64,1000000,IS:flower,0
pine,64,1000000,IS:bird,0
pine,64,1000000,IS:fish,0
pine,64,1000000,IS:pretty,0
pine,64,1000000,IS:big,1
pine,64,1000000,IS:living,1
pine,64,1000000,IS:green,1
pine,64,1000000,IS:red,0
pine,64,1000000,IS:yellow,0
pine,64,1000000,IS:tall,0
pine,64,1000000,IS:grow,0
pine,64,1000000,IS:move,0
pine,64,1000000,IS:swim,0
pine,64,1000000,IS:fly,0
pine,64,1000000,IS:sing,0
pine,64,1000000,IS:bark,0
pine,64,1000000,IS:petals,0
pine,64,1000000,IS:wings,0
pine,64,1000000,IS:feathers,0
pine,64,1000000,IS:scales,0
pine,64,1000000,IS:gills,0
pine,64,1000000,IS:roots,0
pine,64,1000000,IS:skin,0
pine,64,1000000,IS:leaves,0
pine,64,1000000,CAN:living_thing,0
pine,64,1000000,CAN:plant,0
pine,64,1000000,CAN:animal,0
pine,64,1000000,CAN:tree,0
pine,64,1000000,CAN:flower,0
pine,64,1000000,CAN:bird,0
pine,64,1000000,CAN:fish,0
pine,64,1000000,CAN:pretty,0
pine,64,1000000,CAN:big,0
pine,64,1000000,CAN:living,0
pine,64,1000000,CAN:green,0
pine,64,1000000,CAN:red,0
pine,64,1000000,CAN:yellow,0
pine,64,1000000,CAN:tall,0
pine,64,1000000,CAN:grow,1
pine,64,1000000,CAN:move,0
pine,64,1000000,CAN:swim,0
pine,64,1000000,CAN:fly,0
pine,64,1000000,CAN:sing,0
pine,64,1000000,CAN:bark,0
pine,64,1000000,CAN:petals,0
pine,64,1000000,CAN:wings,0
pine,64,1000000,CAN:feathers,0
pine,64,1000000,CAN:scales,0
pine,64,1000000,CAN:gills,0
pine,64,1000000,CAN:roots,0
pine,64,1000000,CAN:skin,0
pine,64,1000000,CAN:leaves,0
pine,64,1000000,HAS:living_thing,0
pine,64,1000000,HAS:plant,0
pine,64,1000000,HAS:animal,0
pine,64,1000000,HAS:tree,0
pine,64,1000000,HAS:flower,0
pine,64,1000000,HAS:bird,0
pine,64,1000000,HAS:fish,0
pine,64,1000000,HAS:pretty,0
pine,64,1000000,HAS:big,0
pine,64,1000000,HAS:living,0
pine,64,1000000,HAS:green,0
pine,64,1000000,HAS:red,0
pine,64,1000000,HAS:yellow,0
pine,64,1000000,HAS:tall,0
pine,64,1000000,HAS:grow,0
pine,64,1000000,HAS:move,0
pine,64,1000000,HAS:swim,0
pine,64,1000000,HAS:fly,0
pine,64,1000000,HAS:sing,0
pine,64,1000000,HAS:bark,1
pine,64,1000000,HAS:petals,0
pine,64,1000000,HAS:wings,0
pine,64,1000000,HAS:feathers,0
pine,64,1000000,HAS:scales,0
pine,64,1000000,HAS:gills,0
pine,64,1000000,HAS:roots,1
pine,64,1000000,HAS:skin,0
pine,64,1000000,HAS:leaves,0
oak,96,1100000,ISA:living_thing,1
oak,96,1100000,ISA:plant,1
oak,96,1100000,ISA:animal,0
oak,96,1100000,ISA:tree,1
oak,96,1100000,ISA:flower,0
oak,96,1100000,ISA:bird,0
oak,96,1100000,ISA:fish,0
oak,96,1100000,ISA:pretty,0
oak,96,1100000,ISA:big,0
oak,96,1100000,ISA:living,0
oak,96,1100000,ISA:green,0
oak,96,1100000,ISA:red,0
oak,96,1100000,ISA:yellow,0
oak,96,1100000,ISA:tall,0
oak,96,1100000,ISA:grow,0
oak,96,1100000,ISA:move,0
oak,96,1100000,ISA:swim,0
oak,96,1100000,ISA:fly,0
oak,96,1100000,ISA:sing,0
oak,96,1100000,ISA:bark,0
oak,96,1100000,ISA:petals,0
oak,96,1100000,ISA:wings,0
oak,96,1100000,ISA:feathers,0
oak,96,1100000,ISA:scales,0
oak,96,1100000,ISA:gills,0
oak,96,1100000,ISA:roots,0
oak,96,1100000,ISA:skin,0
oak,96,1100000,ISA:leaves,0
oak,96,1100000,IS:living_thing,0
oak,96,1100000,IS:plant,0
oak,96,1100000,IS:animal,0
oak,96,1100000,IS:tree,0
oak,96,1100000,IS:flower,0
oak,96,1100000,IS:bird,0
oak,96,1100000,IS:fish,0
oak,96,1100000,IS:pretty,0
oak,96,1100000,IS:big,1
oak,96,1100000,IS:living,1
oak,96,1100000,IS:green,0
oak,96,1100000,IS:red,0
oak,96,1100000,IS:yellow,0
oak,96,1100000,IS:tall,1
oak,96,1100000,IS:grow,0
oak,96,1100000,IS:move,0
oak,96,1100000,IS:swim,0
oak,96,1100000,IS:fly,0
oak,96,1100000,IS:sing,0
oak,96,1100000,IS:bark,0
oak,96,1100000,IS:petals,0
oak,96,1100000,IS:wings,0
oak,96,1100000,IS:feathers,0
oak,96,1100000,IS:scales,0
oak,96,1100000,IS:gills,0
oak,96,1100000,IS:roots,0
oak,96,1100000,IS:skin,0
oak,96,1100000,IS:leaves,0
oak,96,1100000,CAN:living_thing,0
oak,96,1100000,CAN:plant,0
oak,96,1100000,CAN:animal,0
oak,96,1100000,CAN:tree,0
oak,96,1100000,CAN:flower,0
oak,96,1100000,CAN:bird,0
oak,96,1100000,CAN:fish,0
oak,96,1100000,CAN:pretty,0
oak,96,1100000,CAN:big,0
oak,96,1100000,CAN:living,0
oak,96,1100000,CAN:green,0
oak,96,1100000,CAN:red,0
oak,96,1100000,CAN:yellow,0
oak,96,1100000,CAN:tall,0
oak,96,1100000,CAN:grow,1
oak,96,1100000,CAN:move,0
oak,96,1100000,CAN:swim,0
oak,96,1100000,CAN:fly,0
oak,96,1100000,CAN:sing,0
oak,96,1100000,CAN:bark,0
oak,96,1100000,CAN:petals,0
oak,96,1100000,CAN:wings,0
oak,96,1100000,CAN:feathers,0
oak,96,1100000,CAN:scales,0
oak,96,1100000,CAN:gills,0
oak,96,1100000,CAN:roots,0
oak,96,1100000,CAN:skin,0
oak,96,1100000,CAN:leaves,0
oak,96,1100000,HAS:living_thing,0
oak,96,1100000,HAS:plant,0
oak,96,1100000,HAS:animal,0
oak,96,1100000,HAS:tree,0
oak,96,1100000,HAS:flower,0
oak,96,1100000,HAS:bird,0
oak,96,1100000,HAS:fish,0
oak,96,1100000,HAS:pretty,0
oak,96,1100000,HAS:big,0
oak,96,1100000,HAS:living,0
oak,96,1100000,HAS:green,0
oak,96,1100000,HAS:red,0
oak,96,1100000,HAS:yellow,0
oak,96,1100000,HAS:tall,0
oak,96,1100000,HAS:grow,0
oak,96,1100000,HAS:move,0
oak,96,1100000,HAS:swim,0
oak,96,1100000,HAS:fly,0
oak,96,1100000,HAS:sing,0
oak,96,1100000,HAS:bark,1
oak,96,1100000,HAS:petals,0
oak,96,1100000,HAS:wings,0
oak,96,1100000,HAS:feathers,0
oak,96,1100000,HAS:scales,0
oak,96,1100000,HAS:gills,0
oak,96,1100000,HAS:roots,1
oak,96,1100000,HAS:skin,0
oak,96,1100000,HAS:leaves,1
rose,72,1001000,ISA:living_thing,1
rose,72,1001000,ISA:plant,1
rose,72,1001000,ISA:animal,0
rose,72,1001000,ISA:tree,0
rose,72,1001000,ISA:flower,1
rose,72,1001000,ISA:bird,0
rose,72,1001000,ISA:fish,0
rose,72,1001000,ISA:pretty,0
rose,72,1001000,ISA:big,0
rose,72,1001000,ISA:living,0
rose,72,1001000,ISA:green,0
rose,72,1001000,ISA:red,0
rose,72,1001000,ISA:yellow,0
rose,72,1001000,ISA:tall,0
rose,72,1001000,ISA:grow,0
rose,72,1001000,ISA:move,0
rose,72,1001000,ISA:swim,0
rose,72,1001000,ISA:fly,0
rose,72,1001000,ISA:sing,0
rose,72,1001000,ISA:bark,0
rose,72,1001000,ISA:petals,0
rose,72,1001000,ISA:wings,0
rose,72,1001000,ISA:feathers,0
rose,72,1001000,ISA:scales,0
rose,72,1001000,ISA:gills,0
rose,72,1001000,ISA:roots,0
rose,72,1001000,ISA:skin,0
rose,72,1001000,ISA:leaves,0
rose,72,1001000,IS:living_thing,0
rose,72,1001000,IS:plant,0
rose,72,1001000,IS:animal,0
rose,72,1001000,IS:tree,0
rose,72,1001000,IS:flower,0
rose,72,1001000,IS:bird,0
rose,72,1001000,IS:fish,0
rose,72,1001000,IS:pretty,1
rose,72,1001000,IS:big,0
rose,72,1001000,IS:living,1
rose,72,1001000,IS:green,0
rose,72,1001000,IS:red,1
rose,72,1001000,IS:yellow,0
rose,72,1001000,IS:tall,0
rose,72,1001000,IS:grow,0
rose,72,1001000,IS:move,0
rose,72,1001000,IS:swim,0
rose,72,1001000,IS:fly,0
rose,72,1001000,IS:sing,0
rose,72,1001000,IS:bark,0
rose,72,1001000,IS:petals,0
rose,72,1001000,IS:wings,0
rose,72,1001000,IS:feathers,0
rose,72,1001000,IS:scales,0
rose,72,1001000,IS:gills,0
rose,72,1001000,IS:roots,0
rose,72,1001000,IS:skin,0
rose,72,1001000,IS:leaves,0
rose,72,1001000,CAN:living_thing,0
rose,72,1001000,CAN:plant,0
rose,72,1001000,CAN:animal,0
rose,72,1001000,CAN:tree,0
rose,72,1001000,CAN:flower,0
rose,72,1001000,CAN:bird,0
rose,72,1001000,CAN:fish,0
rose,72,1001000,CAN:pretty,0
rose,72,1001000,CAN:big,0
rose,72,1001000,CAN:living,0
rose,72,1001000,CAN:green,0
rose,72,1001000,CAN:red,0
rose,72,1001000,CAN:yellow,0
rose,72,1001000,CAN:tall,0
rose,72,1001000,CAN:grow,1
rose,72,1001000,CAN:move,0
rose,72,1001000,CAN:swim,0
rose,72,1001000,CAN:fly,0
rose,72,1001000,CAN:sing,0
rose,72,1001000,CAN:bark,0
rose,72,1001000,CAN:petals,0
rose,72,1001000,CAN:wings,0
rose,72,1001000,CAN:feathers,0
rose,72,1001000,CAN:scales,0
rose,72,1001000,CAN:gills,0
rose,72,1001000,CAN:roots,0
rose,72,1001000,CAN:skin,0
rose,72,1001000,CAN:leaves,0
rose,72,1001000,HAS:living_thing,0
rose,72,1001000,HAS:plant,0
rose,72,1001000,HAS:animal,0
rose,72,1001000,HAS:tree,0
rose,72,1001000,HAS:flower,0
rose,72,1001000,HAS:bird,0
rose,72,1001000,HAS:fish,0
rose,72,1001000,HAS:pretty,0
rose,72,1001000,HAS:big,0
rose,72,1001000,HAS:living,0
rose,72,1001000,HAS:green,0
rose,72,1001000,HAS:red,0
rose,72,1001000,HAS:yellow,0
rose,72,1001000,HAS:tall,0
rose,72,1001000,HAS:grow,0
rose,72,1001000,HAS:move,0
rose,72,1001000,HAS:swim,0
rose,72,1001000,HAS:fly,0
rose,72,1001000,HAS:sing,0
rose,72,1001000,HAS:bark,0
rose,72,1001000,HAS:petals,1
rose,72,1001000,HAS:wings,0
rose,72,1001000,HAS:feathers,0
rose,72,1001000,HAS:scales,0
rose,72,1001000,HAS:gills,0
rose,72,1001000,HAS:roots,1
rose,72,1001000,HAS:skin,0
rose,72,1001000,HAS:leaves,1
daisy,104,1101000,ISA:living_thing,1
daisy,104,1101000,ISA:plant,1
daisy,104,1101000,ISA:animal,0
daisy,104,1101000,ISA:tree,0
daisy,104,1101000,ISA:flower,1
daisy,104,1101000,ISA:bird,0
daisy,104,1101000,ISA:fish,0
daisy,104,1101000,ISA:pretty,0
daisy,104,1101000,ISA:big,0
daisy,104,1101000,ISA:living,0
daisy,104,1101000,ISA:green,0
daisy,104,1101000,ISA:red,0
daisy,104,1101000,ISA:yellow,0
daisy,104,1101000,ISA:tall,0
daisy,104,1101000,ISA:grow,0
daisy,104,1101000,ISA:move,0
daisy,104,1101000,ISA:swim,0
daisy,104,1101000,ISA:fly,0
daisy,104,1101000,ISA:sing,0
daisy,104,1101000,ISA:bark,0
daisy,104,1101000,ISA:petals,0
daisy,104,1101000,ISA:wings,0
daisy,104,1101000,ISA:feathers,0
daisy,104,1101000,ISA:scales,0
daisy,104,1101000,ISA:gills,0
daisy,104,1101000,ISA:roots,0
daisy,104,1101000,ISA:skin,0
daisy,104,1101000,ISA:leaves,0
daisy,104,1101000,IS:living_thing,0
daisy,104,1101000,IS:plant,0
daisy,104,1101000,IS:animal,0
daisy,104,1101000,IS:tree,0
daisy,104,1101000,IS:flower,0
daisy,104,1101000,IS:bird,0
daisy,104,1101000,IS:fish,0
daisy,104,1101000,IS:pretty,1
daisy,104,1101000,IS:big,0
daisy,104,1101000,IS:living,1
daisy,104,1101000,IS:green,0
daisy,104,1101000,IS:red,0
daisy,104,1101000,IS:yellow,1
daisy,104,1101000,IS:tall,0
daisy,104,1101000,IS:grow,0
daisy,104,1101000,IS:move,0
daisy,104,1101000,IS:swim,0
daisy,104,1101000,IS:fly,0
daisy,104,1101000,IS:sing,0
daisy,104,1101000,IS:bark,0
daisy,104,1101000,IS:petals,0
daisy,104,1101000,IS:wings,0
daisy,104,1101000,IS:feathers,0
daisy,104,1101000,IS:scales,0
daisy,104,1101000,IS:gills,0
daisy,104,1101000,IS:roots,0
daisy,104,1101000,IS:skin,0
daisy,104,1101000,IS:leaves,0
daisy,104,1101000,CAN:living_thing,0
daisy,104,1101000,CAN:plant,0
daisy,104,1101000,CAN:animal,0
daisy,104,1101000,CAN:tree,0
daisy,104,1101000,CAN:flower,0
daisy,104,1101000,CAN:bird,0
daisy,104,1101000,CAN:fish,0
daisy,104,1101000,CAN:pretty,0
daisy,104,1101000,CAN:big,0
daisy,104,1101000,CAN:living,0
daisy,104,1101000,CAN:green,0
daisy,104,1101000,CAN:red,0
daisy,104,1101000,CAN:yellow,0
daisy,104,1101000,CAN:tall,0
daisy,104,1101000,CAN:grow,1
daisy,104,1101000,CAN:move,0
daisy,104,1101000,CAN:swim,0
daisy,104,1101000,CAN:fly,0
daisy,104,1101000,CAN:sing,0
daisy,104,1101000,CAN:bark,0
daisy,104,1101000,CAN:petals,0
daisy,104,1101000,CAN:wings,0
daisy,104,1101000,CAN:feathers,0
daisy,104,1101000,CAN:scales,0
daisy,104,1101000,CAN:gills,0
daisy,104,1101000,CAN:roots,0
daisy,104,1101000,CAN:skin,0
daisy,104,1101000,CAN:leaves,0
daisy,104,1101000,HAS:living_thing,0
daisy,104,1101000,HAS:plant,0
daisy,104,1101000,HAS:animal,0
daisy,104,1101000,HAS:tree,0
daisy,104,1101000,HAS:flower,0
daisy,104,1101000,HAS:bird,0
daisy,104,1101000,HAS:fish,0
daisy,104,1101000,HAS:pretty,0
daisy,104,1101000,HAS:big,0
daisy,104,1101000,HAS:living,0
daisy,104,1101000,HAS:green,0
daisy,104,1101000,HAS:red,0
daisy,104,1101000,HAS:yellow,0
daisy,104,1101000,HAS:tall,0
daisy,104,1101000,HAS:grow,0
daisy,104,1101000,HAS:move,0
daisy,104,1101000,HAS:swim,0
daisy,104,1101000,HAS:fly,0
daisy,104,1101000,HAS:sing,0
daisy,104,1101000,HAS:bark,0
daisy,104,1101000,HAS:petals,1
daisy,104,1101000,HAS:wings,0
daisy,104,1101000,HAS:feathers,0
daisy,104,1101000,HAS:scales,0
daisy,104,1101000,HAS:gills,0
daisy,104,1101000,HAS:roots,1
daisy,104,1101000,HAS:skin,0
daisy,104,1101000,HAS:leaves,1
robin,66,1000010,ISA:living_thing,1
robin,66,1000010,ISA:plant,0
robin,66,1000010,ISA:animal,1
robin,66,1000010,ISA:tree,0
robin,66,1000010,ISA:flower,0
robin,66,1000010,ISA:bird,1
robin,66,1000010,ISA:fish,0
robin,66,1000010,ISA:pretty,0
robin,66,1000010,ISA:big,0
robin,66,1000010,ISA:living,0
robin,66,1000010,ISA:green,0
robin,66,1000010,ISA:red,0
robin,66,1000010,ISA:yellow,0
robin,66,1000010,ISA:tall,0
robin,66,1000010,ISA:grow,0
robin,66,1000010,ISA:move,0
robin,66,1000010,ISA:swim,0
robin,66,1000010,ISA:fly,0
robin,66,1000010,ISA:sing,0
robin,66,1000010,ISA:bark,0
robin,66,1000010,ISA:petals,0
robin,66,1000010,ISA:wings,0
robin,66,1000010,ISA:feathers,0
robin,66,1000010,ISA:scales,0
robin,66,1000010,ISA:gills,0
robin,66,1000010,ISA:roots,0
robin,66,1000010,ISA:skin,0
robin,66,1000010,ISA:leaves,0
robin,66,1000010,IS:living_thing,0
robin,66,1000010,IS:plant,0
robin,66,1000010,IS:animal,0
robin,66,1000010,IS:tree,0
robin,66,1000010,IS:flower,0
robin,66,1000010,IS:bird,0
robin,66,1000010,IS:fish,0
robin,66,1000010,IS:pretty,0
robin,66,1000010,IS:big,0
robin,66,1000010,IS:living,1
robin,66,1000010,IS:green,0
robin,66,1000010,IS:red,1
robin,66,1000010,IS:yellow,0
robin,66,1000010,IS:tall,0
robin,66,1000010,IS:grow,0
robin,66,1000010,IS:move,0
robin,66,1000010,IS:swim,0
robin,66,1000010,IS:fly,0
robin,66,1000010,IS:sing,0
robin,66,1000010,IS:bark,0
robin,66,1000010,IS:petals,0
robin,66,1000010,IS:wings,0
robin,66,1000010,IS:feathers,0
robin,66,1000010,IS:scales,0
robin,66,1000010,IS:gills,0
robin,66,1000010,IS:roots,0
robin,66,1000010,IS:skin,0
robin,66,1000010,IS:leaves,0
robin,66,1000010,CAN:living_thing,0
robin,66,1000010,CAN:plant,0
robin,66,1000010,CAN:animal,0
robin,66,1000010,CAN:tree,0
robin,66,1000010,CAN:flower,0
robin,66,1000010,CAN:bird,0
robin,66,1000010,CAN:fish,0
robin,66,1000010,CAN:pretty,0
robin,66,1000010,CAN:big,0
robin,66,1000010,CAN:living,0
robin,66,1000010,CAN:green,0
robin,66,1000010,CAN:red,0
robin,66,1000010,CAN:yellow,0
robin,66,1000010,CAN:tall,0
robin,66,1000010,CAN:grow,1
robin,66,1000010,CAN:move,1
robin,66,1000010,CAN:swim,0
robin,66,1000010,CAN:fly,1
robin,66,1000010,CAN:sing,0
robin,66,1000010,CAN:bark,0
robin,66,1000010,CAN:petals,0
robin,66,1000010,CAN:wings,0
robin,66,1000010,CAN:feathers,0
robin,66,1000010,CAN:scales,0
robin,66,1000010,CAN:gills,0
robin,66,1000010,CAN:roots,0
robin,66,1000010,CAN:skin,0
robin,66,1000010,CAN:leaves,0
robin,66,1000010,HAS:living_thing,0
robin,66,1000010,HAS:plant,0
robin,66,1000010,HAS:animal,0
robin,66,1000010,HAS:tree,0
robin,66,1000010,HAS:flower,0
robin,66,1000010,HAS:bird,0
robin,66,1000010,HAS:fish,0
robin,66,1000010,HAS:pretty,0
robin,66,1000010,HAS:big,0
robin,66,1000010,HAS:living,0
robin,66,1000010,HAS:green,0
robin,66,1000010,HAS:red,0
robin,66,1000010,HAS:yellow,0
robin,66,1000010,HAS:tall,0
robin,66,1000010,HAS:grow,0
robin,66,1000010,HAS:move,0
robin,66,1000010,HAS:swim,0
robin,66,1000010,HAS:fly,0
robin,66,1000010,HAS:sing,0
robin,66,1000010,HAS:bark,0
robin,66,1000010,HAS:petals,0
robin,66,1000010,HAS:wings,1
robin,66,1000010,HAS:feathers,1
robin,66,1000010,HAS:scales,0
robin,66,1000010,HAS:gills,0
robin,66,1000010,HAS:roots,0
robin,66,1000010,HAS:skin,1
robin,66,1000010,HAS:leaves,0
canary,98,1100010,ISA:living_thing,1
canary,98,1100010,ISA:plant,0
canary,98,1100010,ISA:animal,1
canary,98,1100010,ISA:tree,0
canary,98,1100010,ISA:flower,0
canary,98,1100010,ISA:bird,1
canary,98,1100010,ISA:fish,0
canary,98,1100010,ISA:pretty,0
canary,98,1100010,ISA:big,0
canary,98,1100010,ISA:living,0
canary,98,1100010,ISA:green,0
canary,98,1100010,ISA:red,0
canary,98,1100010,ISA:yellow,0
canary,98,1100010,ISA:tall,0
canary,98,1100010,ISA:grow,0
canary,98,1100010,ISA:move,0
canary,98,1100010,ISA:swim,0
canary,98,1100010,ISA:fly,0
canary,98,1100010,ISA:sing,0
canary,98,1100010,ISA:bark,0
canary,98,1100010,ISA:petals,0
canary,98,1100010,ISA:wings,0
canary,98,1100010,ISA:feathers,0
canary,98,1100010,ISA:scales,0
canary,98,1100010,ISA:gills,0
canary,98,1100010,ISA:roots,0
canary,98,1100010,ISA:skin,0
canary,98,1100010,ISA:leaves,0
canary,98,1100010,IS:living_thing,0
canary,98,1100010,IS:plant,0
canary,98,1100010,IS:animal,0
canary,98,1100010,IS:tree,0
canary,98,1100010,IS:flower,0
canary,98,1100010,IS:bird,0
canary,98,1100010,IS:fish,0
canary,98,1100010,IS:pretty,0
canary,98,1100010,IS:big,0
canary,98,1100010,IS:living,1
canary,98,1100010,IS:green,0
canary,98,1100010,IS:red,0
canary,98,1100010,IS:yellow,1
canary,98,1100010,IS:tall,0
canary,98,1100010,IS:grow,0
canary,98,1100010,IS:move,0
canary,98,1100010,IS:swim,0
canary,98,1100010,IS:fly,0
canary,98,1100010,IS:sing,0
canary,98,1100010,IS:bark,0
canary,98,1100010,IS:petals,0
canary,98,1100010,IS:wings,0
canary,98,1100010,IS:feathers,0
canary,98,1100010,IS:scales,0
canary,98,1100010,IS:gills,0
canary,98,1100010,IS:roots,0
canary,98,1100010,IS:skin,0
canary,98,1100010,IS:leaves,0
canary,98,1100010,CAN:living_thing,0
canary,98,1100010,CAN:plant,0
canary,98,1100010,CAN:animal,0
canary,98,1100010,CAN:tree,0
canary,98,1100010,CAN:flower,0
canary,98,1100010,CAN:bird,0
canary,98,1100010,CAN:fish,0
canary,98,1100010,CAN:pretty,0
canary,98,1100010,CAN:big,0
canary,98,1100010,CAN:living,0
canary,98,1100010,CAN:green,0
canary,98,1100010,CAN:red,0
canary,98,1100010,CAN:yellow,0
canary,98,1100010,CAN:tall,0
canary,98,1100010,CAN:grow,1
canary,98,1100010,CAN:move,1
canary,98,1100010,CAN:swim,0
canary,98,1100010,CAN:fly,1
canary,98,1100010,CAN:sing,1
canary,98,1100010,CAN:bark,0
canary,98,1100010,CAN:petals,0
canary,98,1100010,CAN:wings,0
canary,98,1100010,CAN:feathers,0
canary,98,1100010,CAN:scales,0
canary,98,1100010,CAN:gills,0
canary,98,1100010,CAN:roots,0
canary,98,1100010,CAN:skin,0
canary,98,1100010,CAN:leaves,0
canary,98,1100010,HAS:living_thing,0
canary,98,1100010,HAS:plant,0
canary,98,1100010,HAS:animal,0
canary,98,1100010,HAS:tree,0
canary,98,1100010,HAS:flower,0
canary,98,1100010,HAS:bird,0
canary,98,1100010,HAS:fish,0
canary,98,1100010,HAS:pretty,0
canary,98,1100010,HAS:big,0
canary,98,1100010,HAS:living,0
canary,98,1100010,HAS:green,0
canary,98,1100010,HAS:red,0
canary,98,1100010,HAS:yellow,0
canary,98,1100010,HAS:tall,0
canary,98,1100010,HAS:grow,0
canary,98,1100010,HAS:move,0
canary,98,1100010,HAS:swim,0
canary,98,1100010,HAS:fly,0
canary,98,1100010,HAS:sing,0
canary,98,1100010,HAS:bark,0
canary,98,1100010,HAS:petals,0
canary,98,1100010,HAS:wings,1
canary,98,1100010,HAS:feathers,1
canary,98,1100010,HAS:scales,0
canary,98,1100010,HAS:gills,0
canary,98,1100010,HAS:roots,0
canary,98,1100010,HAS:skin,1
canary,98,1100010,HAS:leaves,0
sunfish,74,1001010,ISA:living_thing,1
sunfish,74,1001010,ISA:plant,0
sunfish,74,1001010,ISA:animal,1
sunfish,74,1001010,ISA:tree,0
sunfish,74,1001010,ISA:flower,0
sunfish,74,1001010,ISA:bird,0
sunfish,74,1001010,ISA:fish,1
sunfish,74,1001010,ISA:pretty,0
sunfish,74,1001010,ISA:big,0
sunfish,74,1001010,ISA:living,0
sunfish,74,1001010,ISA:green,0
sunfish,74,1001010,ISA:red,0
sunfish,74,1001010,ISA:yellow,0
sunfish,74,1001010,ISA:tall,0
sunfish,74,1001010,ISA:grow,0
sunfish,74,1001010,ISA:move,0
sunfish,74,1001010,ISA:swim,0
sunfish,74,1001010,ISA:fly,0
sunfish,74,1001010,ISA:sing,0
sunfish,74,1001010,ISA:bark,0
sunfish,74,1001010,ISA:petals,0
sunfish,74,1001010,ISA:wings,0
sunfish,74,1001010,ISA:feathers,0
sunfish,74,1001010,ISA:scales,0
sunfish,74,1001010,ISA:gills,0
sunfish,74,1001010,ISA:roots,0
sunfish,74,1001010,ISA:skin,0
sunfish,74,1001010,ISA:leaves,0
sunfish,74,1001010,IS:living_thing,0
sunfish,74,1001010,IS:plant,0
sunfish,74,1001010,IS:animal,0
sunfish,74,1001010,IS:tree,0
sunfish,74,1001010,IS:flower,0
sunfish,74,1001010,IS:bird,0
sunfish,74,1001010,IS:fish,0
sunfish,74,1001010,IS:pretty,0
sunfish,74,1001010,IS:big,0
sunfish,74,1001010,IS:living,1
sunfish,74,1001010,IS:green,0
sunfish,74,1001010,IS:red,0
sunfish,74,1001010,IS:yellow,1
sunfish,74,1001010,IS:tall,0
sunfish,74,1001010,IS:grow,0
sunfish,74,1001010,IS:move,0
sunfish,74,1001010,IS:swim,0
sunfish,74,1001010,IS:fly,0
sunfish,74,1001010,IS:sing,0
sunfish,74,1001010,IS:bark,0
sunfish,74,1001010,IS:petals,0
sunfish,74,1001010,IS:wings,0
sunfish,74,1001010,IS:feathers,0
sunfish,74,1001010,IS:scales,0
sunfish,74,1001010,IS:gills,0
sunfish,74,1001010,IS:roots,0
sunfish,74,1001010,IS:skin,0
sunfish,74,1001010,IS:leaves,0
sunfish,74,1001010,CAN:living_thing,0
sunfish,74,1001010,CAN:plant,0
sunfish,74,1001010,CAN:animal,0
sunfish,74,1001010,CAN:tree,0
sunfish,74,1001010,CAN:flower,0
sunfish,74,1001010,CAN:bird,0
sunfish,74,1001010,CAN:fish,0
sunfish,74,1001010,CAN:pretty,0
sunfish,74,1001010,CAN:big,0
sunfish,74,1001010,CAN:living,0
sunfish,74,1001010,CAN:green,0
sunfish,74,1001010,CAN:red,0
sunfish,74,1001010,CAN:yellow,0
sunfish,74,1001010,CAN:tall,0
sunfish,74,1001010,CAN:grow,1
sunfish,74,1001010,CAN:move,1
sunfish,74,1001010,CAN:swim,1
sunfish,74,1001010,CAN:fly,0
sunfish,74,1001010,CAN:sing,0
sunfish,74,1001010,CAN:bark,0
sunfish,74,1001010,CAN:petals,0
sunfish,74,1001010,CAN:wings,0
sunfish,74,1001010,CAN:feathers,0
sunfish,74,1001010,CAN:scales,0
sunfish,74,1001010,CAN:gills,0
sunfish,74,1001010,CAN:roots,0
sunfish,74,1001010,CAN:skin,0
sunfish,74,1001010,CAN:leaves,0
sunfish,74,1001010,HAS:living_thing,0
sunfish,74,1001010,HAS:plant,0
sunfish,74,1001010,HAS:animal,0
sunfish,74,1001010,HAS:tree,0
sunfish,74,1001010,HAS:flower,0
sunfish,74,1001010,HAS:bird,0
sunfish,74,1001010,HAS:fish,0
sunfish,74,1001010,HAS:pretty,0
sunfish,74,1001010,HAS:big,0
sunfish,74,1001010,HAS:living,0
sunfish,74,1001010,HAS:green,0
sunfish,74,1001010,HAS:red,0
sunfish,74,1001010,HAS:yellow,0
sunfish,74,1001010,HAS:tall,0
sunfish,74,1001010,HAS:grow,0
sunfish,74,1001010,HAS:move,0
sunfish,74,1001010,HAS:swim,0
sunfish,74,1001010,HAS:fly,0
sunfish,74,1001010,HAS:sing,0
sunfish,74,1001010,HAS:bark,0
sunfish,74,1001010,HAS:petals,0
sunfish,74,1001010,HAS:wings,0
sunfish,74,1001010,HAS:feathers,0
sunfish,74,1001010,HAS:scales,1
sunfish,74,1001010,HAS:gills,1
sunfish,74,1001010,HAS:roots,0
sunfish,74,1001010,HAS:skin,1
sunfish,74,1001010,HAS:leaves,0
salmon,106,1101010,ISA:living_thing,1
salmon,106,1101010,ISA:plant,0
salmon,106,1101010,ISA:animal,1
salmon,106,1101010,ISA:tree,0
salmon,106,1101010,ISA:flower,0
salmon,106,1101010,ISA:bird,0
salmon,106,1101010,ISA:fish,1
salmon,106,1101010,ISA:pretty,0
salmon,106,1101010,ISA:big,0
salmon,106,1101010,ISA:living,0
salmon,106,1101010,ISA:green,0
salmon,106,1101010,ISA:red,0
salmon,106,1101010,ISA:yellow,0
salmon,106,1101010,ISA:tall,0
salmon,106,1101010,ISA:grow,0
salmon,106,1101010,ISA:move,0
salmon,106,1101010,ISA:swim,0
salmon,106,1101010,ISA:fly,0
salmon,106,1101010,ISA:sing,0
salmon,106,1101010,ISA:bark,0
salmon,106,1101010,ISA:petals,0
salmon,106,1101010,ISA:wings,0
salmon,106,1101010,ISA:feathers,0
salmon,106,1101010,ISA:scales,0
salmon,106,1101010,ISA:gills,0
salmon,106,1101010,ISA:roots,0
salmon,106,1101010,ISA:skin,0
salmon,106,1101010,ISA:leaves,0
salmon,106,1101010,IS:living_thing,0
salmon,106,1101010,IS:plant,0
salmon,106,1101010,IS:animal,0
salmon,106,1101010,IS:tree,0
salmon,106,1101010,IS:flower,0
salmon,106,1101010,IS:bird,0
salmon,106,1101010,IS:fish,0
salmon,106,1101010,IS:pretty,0
salmon,106,1101010,IS:big,0
salmon,106,1101010,IS:living,1
salmon,106,1101010,IS:green,0
salmon,106,1101010,IS:red,1
salmon,106,1101010,IS:yellow,0
salmon,106,1101010,IS:tall,0
salmon,106,1101010,IS:grow,0
salmon,106,1101010,IS:move,0
salmon,106,1101010,IS:swim,0
salmon,106,1101010,IS:fly,0
salmon,106,1101010,IS:sing,0
salmon,106,1101010,IS:bark,0
salmon,106,1101010,IS:petals,0
salmon,106,1101010,IS:wings,0
salmon,106,1101010,IS:feathers,0
salmon,106,1101010,IS:scales,0
salmon,106,1101010,IS:gills,0
salmon,106,1101010,IS:roots,0
salmon,106,1101010,IS:skin,0
salmon,106,1101010,IS:leaves,0
salmon,106,1101010,CAN:living_thing,0
salmon,106,1101010,CAN:plant,0
salmon,106,1101010,CAN:animal,0
salmon,106,1101010,CAN:tree,0
salmon,106,1101010,CAN:flower,0
salmon,106,1101010,CAN:bird,0
salmon,106,1101010,CAN:fish,0
salmon,106,1101010,CAN:pretty,0
salmon,106,1101010,CAN:big,0
salmon,106,1101010,CAN:living,0
salmon,106,1101010,CAN:green,0
salmon,106,1101010,CAN:red,0
salmon,106,1101010,CAN:yellow,0
salmon,106,1101010,CAN:tall,0
salmon,106,1101010,CAN:grow,1
salmon,106,1101010,CAN:move,1
salmon,106,1101010,CAN:swim,1
salmon,106,1101010,CAN:fly,0
salmon,106,1101010,CAN:sing,0
salmon,106,1101010,CAN:bark,0
salmon,106,1101010,CAN:petals,0
salmon,106,1101010,CAN:wings,0
salmon,106,1101010,CAN:feathers,0
salmon,106,1101010,CAN:scales,0
salmon,106,1101010,CAN:gills,0
salmon,106,1101010,CAN:roots,0
salmon,106,1101010,CAN:skin,0
salmon,106,1101010,CAN:leaves,0
salmon,106,1101010,HAS:living_thing,0
salmon,106,1101010,HAS:plant,0
salmon,106,1101010,HAS:animal,0
salmon,106,1101010,HAS:tree,0
salmon,106,1101010,HAS:flower,0
salmon,106,1101010,HAS:bird,0
salmon,106,1101010,HAS:fish,0
salmon,106,1101010,HAS:pretty,0
salmon,106,1101010,HAS:big,0
salmon,106,1101010,HAS:living,0
salmon,106,1101010,HAS:green,0
salmon,106,1101010,HAS:red,0
salmon,106,1101010,HAS:yellow,0
salmon,106,1101010,HAS:tall,0
salmon,106,1101010,HAS:grow,0
salmon,106,1101010,HAS:move,0
salmon,106,1101010,HAS:swim,0
salmon,106,1101010,HAS:fly,0
salmon,106,1101010,HAS:sing,0
salmon,106,1101010,HAS:bark,0
salmon,106,1101010,HAS:petals,0
salmon,106,1101010,HAS:wings,0
salmon,106,1101010,HAS:feathers,0
salmon,106,1101010,HAS:scales,1
salmon,106,1101010,HAS:gills,1
salmon,106,1101010,HAS:roots,0
salmon,106,1101010,HAS:skin,1
salmon,106,1101010,HAS:leaves,0
